<?xml version="1.0" encoding="UTF-8"?>
<project xmlns="http://maven.apache.org/POM/4.0.0" xmlns:xsi="http://www.w3.org/2001/XMLSchema-instance"
         xsi:schemaLocation="http://maven.apache.org/POM/4.0.0 https://maven.apache.org/xsd/maven-4.0.0.xsd">
    <modelVersion>4.0.0</modelVersion>
    <parent>
        <groupId>org.springframework.boot</groupId>
        <artifactId>spring-boot-starter-parent</artifactId>
        <version>3.5.0</version>
        <relativePath/> </parent>
    <groupId>com.hackathon.accessguardian</groupId>
    <artifactId>access-governance-mcp-client</artifactId>
    <version>0.0.1-SNAPSHOT</version>
    <name>access-governance-mcp-client</name>
    <description>Spring AI MCP Client for Access Governance</description>
    <properties>
        <java.version>21</java.version>
        <spring-ai.version>1.0.0</spring-ai.version>
        <spring-cloud-azure.version>5.22.0</spring-cloud-azure.version>
        <vaadin.version>24.3.8</vaadin.version>
        <start-class>com.example.accessgovernance.AccessGovernanceMcpClientApplication</start-class>
    </properties>
    <dependencyManagement>
        <dependencies>
            <dependency>
                <groupId>org.springframework.ai</groupId>
                <artifactId>spring-ai-bom</artifactId>
                <version>${spring-ai.version}</version>
                <type>pom</type>
                <scope>import</scope>
            </dependency>
            <dependency>
                <groupId>com.azure.spring</groupId>
                <artifactId>spring-cloud-azure-dependencies</artifactId>
                <version>${spring-cloud-azure.version}</version>
                <type>pom</type>
                <scope>import</scope>
            </dependency>
            <dependency>
                <groupId>com.vaadin</groupId>
                <artifactId>vaadin-bom</artifactId>
                <version>24.3.8</version> <!-- check latest version -->
                <type>pom</type>
                <scope>import</scope>
            </dependency>
         </dependencies>
    </dependencyManagement>
    <dependencies>
        <dependency>
            <groupId>org.springframework.boot</groupId>
            <artifactId>spring-boot-starter-webflux</artifactId>
        </dependency>

        <dependency>
            <groupId>org.springframework.ai</groupId>
            <artifactId>spring-ai-starter-model-openai</artifactId>
        </dependency>

        <dependency>
            <groupId>org.springframework.ai</groupId>
            <artifactId>spring-ai-azure-openai-spring-boot-starter</artifactId>
        </dependency>

        <dependency>
            <groupId>org.springframework.boot</groupId>
            <artifactId>spring-boot-starter-security</artifactId>
        </dependency>
        <dependency>
            <groupId>org.springframework.boot</groupId>
            <artifactId>spring-boot-starter-oauth2-client</artifactId>
        </dependency>
        <dependency>
            <groupId>com.azure.spring</groupId>
            <artifactId>spring-cloud-azure-starter-active-directory</artifactId>
        </dependency>

        <dependency>
            <groupId>com.vaadin</groupId>
            <artifactId>vaadin-spring-boot-starter</artifactId>
        </dependency>

        <dependency>
            <groupId>org.springframework.boot</groupId>
            <artifactId>spring-boot-starter-validation</artifactId>
        </dependency>


        <dependency>
            <groupId>org.springframework.boot</groupId>
            <artifactId>spring-boot-starter-test</artifactId>
            <scope>test</scope>
        </dependency>
        <dependency>
            <groupId>io.projectreactor</groupId>
            <artifactId>reactor-test</artifactId>
            <scope>test</scope>
        </dependency>
    </dependencies>

    <build>
        <plugins>
            <plugin>
                <groupId>org.springframework.boot</groupId>
                <artifactId>spring-boot-maven-plugin</artifactId>
                <configuration>
                    <mainClass>${start-class}</mainClass>
                </configuration>
            </plugin>
        </plugins>
    </build>
</project>